headline,link,time,scrape_time
He called Tesla's stock crash. Now he thinks it'll fall even more.,https://news.google.com/read/CBMingFBVV95cUxOZVRhT1JPMlJZdHRmQ2NIUS1ZUm1IblBWOWtpOG1QUVBabmlONW1sTjZPQ3RMNjBGem5qWmNXcmpsU2tiZWJmZHBfTnRQTnhnTzNsZFh3Rld1Z1hUc2I2X3F6NWtxWG1YdkFNc180R0cyZlBvN3c1VnQzUUNua1VOZGpvOWlwVUJNMEJQcVYzOHFZUzg5T1pHVmRPS1BXUQ?hl=en-US&gl=US&ceid=US%3Aen,18 hours ago,2025-03-14 15:42:00.295147
Why Is Tesla (TSLA) Stock Rocketing Higher Today,https://news.google.com/read/CBMiggFBVV95cUxNUWNwQ2ZRQVg4WmJVVDA5TE41N09hUDNUWUxyOE1pZC1nQlM4bk1BS1NWVno1QkswcV9EX2UzSEhsY3pCWFlDalItV1NhMEk0YmVlVC1ZVDBSejdpdUlwdkllNU1kUzl4UGtnVi1wZmFxVUtVaEdKeEhjMndCczU4MVJ3?hl=en-US&gl=US&ceid=US%3Aen,2 days ago,2025-03-14 15:42:00.295197
Tesla Stock Plummets 50% Since December. Here’s How Investors Can Manage The Volatility,https://news.google.com/read/CBMi0AFBVV95cUxPWU4xZ3FNLUZiSlcyRHJPOW1DN2k3YkJmbFdET2tlRlRrVzB5S2hFWjVsY2hhVDhzNnBEemdWRkNlS3dnOGRaaDNXWV9nVnc2cXoyazlvbjdOUHB5Tmp6bW9QaVZZb2NjTkY2dUJJUTRvc0ZmZ3pkVGNTeG9DWHNMMTdaMS1LNHJLeUZMNHZEMXVOLWJJVjNyWHZPNks5RUMteUtER1RHQjRaVFliSy1yREg5YkUyWVN4M29IX3B6c0VUMmN5YmFja2theThDY19M?hl=en-US&gl=US&ceid=US%3Aen,3 days ago,2025-03-14 15:42:00.295237
Why Tesla Stock Is Surging Today,https://news.google.com/read/CBMicEFVX3lxTE5zSTdBaUVkZ3A1YU9MZTM5czJ0d2syTXVsNjR3d3pZN0xIR0JQanR3UUgxWThncE5kRlE2SGxLdXpGV0lCNlpQMFhkZmM4VDhjWXh5SlAtTHkyMjlJcVB4QjZ3dlVrRlNUaFVETXZoNXI?hl=en-US&gl=US&ceid=US%3Aen,Yesterday,2025-03-14 15:42:00.295277
"Stocks making the biggest moves midday: Intel, Tesla, Dollar General, Adobe, UiPath and more",https://news.google.com/read/CBMinwFBVV95cUxQYUNrT18tRGNvZXpLMUZSd0tVYzhtRmZYa2VLc1AzcnJoSS0tdnBnSUduOEgzeGREaDVrQzRzWDRSNmJvanY4VXEzX01TVlRMVFlvWFNxSVZURk95QlJ1OTJXajZHUVppOXk0ZWpKa3k5S0ZWdVM3MnBSYVZ6ZmpaWFN3NVloM3lLRjI2SUFSZ0N1VGVJZ3R0YmRobTRQUEk?hl=en-US&gl=US&ceid=US%3Aen,16 hours ago,2025-03-14 15:42:00.295316
"Tesla (TSLA) Stock Can Rally 90% Higher, Says Morgan Stanley",https://news.google.com/read/CBMijwFBVV95cUxPeW83N3FaV3ZrYmc5THBwSDNmcHlRZWJJUlA1U2FDU3AwVk9BTHVIbU1GVUNNelg0TmFlUnZRVEM0UEs2Q2VxVTRqTVFqWWsxSURWU2J2SERodGJrNUFPd2NyOG4yUFMyeWU0WWpuN1FEanpXV1hQaVhRRHhUdzZpMDVnNXZuT0VROTFTLVNBNA?hl=en-US&gl=US&ceid=US%3Aen,3 days ago,2025-03-14 15:42:00.295356
Tesla: Robotaxi Goes Nowhere As Musk's Distractions Mount,https://news.google.com/read/CBMiuAFBVV95cUxNLWY3cWNreEZoZGszZkUtMHQ1VXB5OG12aEt1eURrVEE4RDdXQ2xSR01jU3dCYlIyQnl4UVJCMno4c2k5OHJEMDVXYzh3YzVqYmEyTl80aU1oaVpiM2ItOEhQYU1ES0RBZm9zWTktWnJsNmtMaXYzZ01yRkxRdTNLT3A3STNqWkgxaFo4NXpMamppcEFoVV9teW9rRW9BS3RkRk5jT2x3Sk91UUxCa1phTnU3VEVCcENo?hl=en-US&gl=US&ceid=US%3Aen,Yesterday,2025-03-14 15:42:00.295395
"TSLA, PLTR and ORCL Forecast – Major NASDAQ Stocks Mixed Early Thursday",https://news.google.com/read/CBMiuwFBVV95cUxNVXhsTDZZbmhxWFo0ZE1mcDFDNlRoYVVfYkN5WVJEMWliRDVOZFdwMlpadlZlYjV5Zk5Ic0xieEQzU2tBR01ocG5xb3RNUklCQncyQTZSUnF4SUFlT1YyYjdTdFNfMl9WdjVqc253aGpSa21GOUN5UU5DUEpJUWh0aVZkVkxRLU9TYld6ZTUwTnVGQ0J0c293R3htOTc0ZElzd21ycy1ZWkdNY2g3b2g5V2EwNnlfbU9IWE1v?hl=en-US&gl=US&ceid=US%3Aen,20 hours ago,2025-03-14 15:42:00.295435
Watch These Tesla Price Levels as Stock Plunges to Pre-Election Levels,https://news.google.com/read/CBMimwFBVV95cUxPQzl5YzJsNW9pX3NHUWhRbC1LelNXaUlrYmUycmZRQmlRdkVBQWUwekFqNTR6WlA2YlpzdzF4SGtKbXdMTF80c1BjVy1PNW0yckI0WDd5T2tzMXIxSVRmNzV5Nmc5UFIyNjY5Tld2ZEsxNzc2Z1k0emZNTTlQdWRfdmhsOG9lVlVNdXc1SEVlWnV0R3pyU0FUcVU0Yw?hl=en-US&gl=US&ceid=US%3Aen,3 days ago,2025-03-14 15:42:00.295475
Why is Tesla Stock Up Today? Lower US Inflation Influences NASDAQ 100 and TSLA Price,https://news.google.com/read/CBMiwwFBVV95cUxOeDFRSFBSNTlvdi1YMVBLVkVTSGc3MndpZE1HSkpCdS12WlFEOUIwX0Utc1NiUDVYTE5VVTlzbUFTelp5QkFuZ21mczI4R2NqVDNobUJhclhQMjdZdldIZG9VTlJHVHdqOHpNRlpUWkxDX3hWbTE3ekJza1p5VWpuUFBPdk9BRlloQ25DSTdWUkNqM3lPMTVkdGlRTDdmc2M2Ynl5aDEwbi1oaXlJN2ZhNC13NUNmM3pjcVkzUzN4TGJqYU3SAcgBQVVfeXFMUFVidl9EWGJfNVdfYXpEY2Y1NmFBSXlGODd1X2hfNWZQaTBUTGZqMDlMS3JOY0h5Q3dEdkFibi1pM3U1T0FzUDdPbXZEeGxjV1dORXhubDhNRTR5SnNBejhQRG92TE9oZkM2TThUdWx0RjZiNi1TSDBYWGtpUlZ3Y0FaM3NQYzlZU01OU183M2J2TElhOWZYeGJxM2NqS1NVU0pQNXd2bVhYekZaQXYwNE1SR2dmbzJqQVFYbEVoQjloREhrLTBvbWU?hl=en-US&gl=US&ceid=US%3Aen,Yesterday,2025-03-14 15:42:00.295515
"Cathie Wood Loaded Up On HOOD, TSLA, COIN, PLTR As Market Crashed",https://news.google.com/read/CBMiugFBVV95cUxNZVJSc1ZkNnlsUjZBY2JxblNmTnhWUjlFYktLTlhCQmt4UkVZM0l5QUlmNlBsZUkySDNHZVRiQU1leFZ2U3pBTDVXTVB0Sk1ZaXVEc0t6OXM3blZ5RnVHMEVLOVRwQ1NYSUR0bHhIeDhHbF95OEc1MjZBQURYWFBtQUZEUWVpV2hjbVpxQUNUUEtNZEZmSk11MXgwSjdTVXRMTFZXUzFibURGWm5sdkdaQTZTV3g5bWVSV3c?hl=en-US&gl=US&ceid=US%3Aen,2 days ago,2025-03-14 15:42:00.295555
"TSLA, AAPL, or NVDA: Which Magnificent 7 Stock Scores Wall Street’s “Strong Buy” Rating?",https://news.google.com/read/CBMisAFBVV95cUxNcS1JLTVfUjA5UU50SGkyQ2g1ekZOa3hlNkVkRE9taWhaNUVYLWJpRUxEcXlFZUZweG1EeklDWURiaEF5cEpORktnZUtsZEdaMmNUNlhVcDFUWFdYZ1NBSmVmT241anNvamF3QTBBU05zdnhrendLbktnNzBHaHI0cmVvR1FUeDF5RUcxR3JiUG1TYS0xSElqZENFdzhhYnlmM0ZuQm1mQS1hLUw5UXRGLQ?hl=en-US&gl=US&ceid=US%3Aen,5 hours ago,2025-03-14 15:42:00.295597
Is Tesla Stock's Dip An Opportunity?,https://news.google.com/read/CBMimAFBVV95cUxQdVRWa0RLaUpsQjQ2TmdzTnpOM0NpQ2M2QXcwaXl2c0NxbG81aTZ3Tks2YjJ6WGZhZWFyME1NUUFFR1ZKd3NtWS1iUHZnQXdLRlFyT1QzN2ZObEYySFhYekJjNHhOT0hMR3lraWl0NDVNeWpsRnllSUhtVTBFV21pMmFvN1BDMHA0UW80UWtrVnlnUzd3ZG5GNg?hl=en-US&gl=US&ceid=US%3Aen,4 days ago,2025-03-14 15:42:00.295638
"Trump may be buying a Tesla from Musk, but TSLA stock is still flat after yesterday’s massive sell-off",https://news.google.com/read/CBMimgFBVV95cUxQOHdaQ05JRVF6ZklZVnZmbndEYXdvVWxMX1pfSzl2T3ZsNXo4d1JYM1lwWFgtMkd3M2k1WnJCQzcxby12N0l3NW9XWlVSMWh6bEZKdDVWLWFaNlhCZGxEdmp1TUtmQ2Uwam53cjVlZGtuZFhkNi0wSHVmWUNlLWVGc05xVGwtbkcwZjA0M2l6ME44NFJfU2FDUE53?hl=en-US&gl=US&ceid=US%3Aen,3 days ago,2025-03-14 15:42:00.295679
"Tesla Stock Jumps, Shrugs Off Price-Target Cuts, Analysts Warning Of Brand 'Destruction'",https://news.google.com/read/CBMipwFBVV95cUxOMHg0aFJLSkhPMEl0dm9RYm43RnVjZ1ByZE1mcjE2Qmc3SkZNRWV4Wk1LdlV4czZ0U2V5alRsb1RLbkxZRFpHNEFVdHN4dG44N2ljTWxUS2dqQ25hZnBkdHJDZDd0eEFUaTlIRHhnNmhMelpiOWFnVG1nN0JTdmVMUWJiOHpFb2hOQUJsTzZDWTlZYjBfcWY1Ti1qRVhDcEZQTVpFUzBGdw?hl=en-US&gl=US&ceid=US%3Aen,Yesterday,2025-03-14 15:42:00.295719
"TSLA Stock Drops Over 3% In Monday Pre-Market Amid Lower Deliveries, Declining Brand Image",https://news.google.com/read/CBMi3gFBVV95cUxOYXhScmg5czN2LWQtc2Z1eFFrTnloSHBtTjNYMmlBQjdtc2cxTW1RX1ozR1JIM2NNQmhpalI3ZTN4VmktMFRQOTZUb0NCbmpsYVlPWDhWeEt3RWM4RzFOdE8yaW9kX1RnVVh1ZW03MVQzQWFFWmFNRGZhLVQ4MTFRSm4tSmFqZUtVcHoydkdmTmMzSmZxSnZQdEYzZWhkZnRlYUVPM05zSy0yTlZSMzI1c0Z0cjFjeC1SLWlZeVowNjJ0d01DQUswbnRoc1NYdVp4U0hlNEREbTdVa05YRlE?hl=en-US&gl=US&ceid=US%3Aen,4 days ago,2025-03-14 15:42:00.295759
Elon Musk Thinks Tesla Will Become the World's Most Valuable Company. I Predict Its Stock Will Decline by 50% (or More) Instead.,https://news.google.com/read/CBMilgFBVV95cUxPVFNGaGcwTVpLT1daaUJqRUo0VkRhV0t5WnJ1R1VlaXdQbnNncU92WnpYbHliX2lzWlR4MENQa0g4R1Awd191bTFNd21adExCT2tNSU1Fc1RfWWE1TzJEUmMxTTBMYVUxaEctMW1rRFRGdUVyc200d0JBLXNYNjNWZXMzdTFXOW1ldm1HZHpiU0Z2VVBoZ0E?hl=en-US&gl=US&ceid=US%3Aen,5 days ago,2025-03-14 15:42:00.295801
"Tesla Stock Could Soar 550% to $5 Trillion After Notching Its Worst Day Since 2020, According to a Wall Street Expert",https://news.google.com/read/CBMiugFBVV95cUxNcXVvWF92QVRBWDVIUmQwbTZDYzdNLThTblgzc19RWEdlZnhidDFXNUZ0bFdsYWMwWWpZVlI4OTNrcFJEMUZqS0pjV0EwRDJPXzcyRmV3WkdoSWJQdkR4akpvTlBieS1idFV1eDItTUtleHJ6eGV1SldWVG1fRzdBN3ZTMWFNMUViMExiYVBBOWNXSFFXVWlqQm11d2R5aEwwT2owejAyRnFISHpwUm1MMUFja0lidDZQekE?hl=en-US&gl=US&ceid=US%3Aen,2 hours ago,2025-03-14 15:42:00.295842
Tesla bull ARK loads up on over $20M in TSLA shares after stock slide,https://news.google.com/read/CBMijAFBVV95cUxQTnRGRDczd3pzSXVac1dNQXZDM2N4Z2hmYmZNd1Y5ODUyQnE4cU00NGRSeW50QlFWS181cVRZZ3djRjVhMUo1djJYc1dQRHJFV0xvbFNrNDhTTEdrTkZNWU1qbFFQLXdnaEVCek45R0R5bzVwT3Z2b1hLaDBIMlVXZ2dFdmdHR1BvUE9Dag?hl=en-US&gl=US&ceid=US%3Aen,2 days ago,2025-03-14 15:42:00.295888
Tesla (NASDAQ:TSLA) Stock Price Down 4.7% on Insider Selling,https://news.google.com/read/CBMirgFBVV95cUxQd2dsWkNYQWFPT1E2eHotNXN3Sm5WNmVPR0VjN3lkNlBpaWhhbi1ySnJJYzdkWk9ET0dWX2h0bVAxQjZJSzVyeEVMbWNfQVZLWEwwam1id2NaanJIQ2pvLXo2V1QwOGRBVjBPazA1cUg4ZFZ0MmJ0WnZUY2V0eHJNVGlvd0NBN21KN1dFVUdWLXY0bHpmZHdhbkRaMjJJQ285UF9RQ004YkxsVmRXcVE?hl=en-US&gl=US&ceid=US%3Aen,3 hours ago,2025-03-14 15:42:00.295931
"With the stock cut in half, Tesla investors want their CEO back",https://news.google.com/read/CBMinAFBVV95cUxQT0hOM2ZoeWdtcndEckQwZWlhRzI1aXpDSFlTWGw2WGd6dktFaEE0d1lSRFBtalZlNEhaUWowMnpsakY5emU5OTQtMEhIRGM2bWk3U3dWdVZLMjdzUl9hVmlKbzlyVVA5NTd4eWZZd192QVdxWjNXMGhlR1h4NlFNdjBsaGZncTNZbHltNzdKRmp6Ry0zcDF4R2UxMXM?hl=en-US&gl=US&ceid=US%3Aen,3 days ago,2025-03-14 15:42:00.295974
"Stocks making the biggest moves midday: Tesla, Robinhood, Nvidia, Cognizant and more",https://news.google.com/read/CBMimwFBVV95cUxPX1A4MXJJTy1tRGU4a1BwRllWSXBGeWVNSVAwQUVlejhlNWRGekVDQldpQWQxUzl5X1JWTGx5dG1BQUhtWWRIWVRLSmZlSkJVUGlrNkxRSkNUUU94VVlMZkhYekIxcW9GcHhfWnc0elNvVGNhdUU3SzdhMy1yQ0s0dVJSaHpmdjBmY2RyTlR4dmRrbnQ4SFBCZ081aw?hl=en-US&gl=US&ceid=US%3Aen,4 days ago,2025-03-14 15:42:00.296017
"Magnificent Seven Stocks Watch: Nvidia, Tesla Sell Off",https://news.google.com/read/CBMie0FVX3lxTE1JTEVTRHFIeWtyWEw0Njh0bmczUWJYX05jaUJLRlZ5UXlka0pyQl9GcUNwVmRqQXhmOXE0YUZNcGJuZXV5ZlFTZ1UxQUpOd3p6VUxwZEhFaVdSZFVEU1huSVBsTFo5aVVOM0JZS1Nqc3U4SGoxM3lUUGNDYw?hl=en-US&gl=US&ceid=US%3Aen,13 hours ago,2025-03-14 15:42:00.296059
Tesla's 'Affordable' EV Reportedly Will Be Stripped-Down Model Y,https://news.google.com/read/CBMihgFBVV95cUxQMjg2MWxPSDFMZWdSM0JYWjc0N0tFcTlXUTl1d0V0OHNleWJ2SGtDek5jbVpJSG1rR2E2YVBKbV91b3JkTFBGa0l5aENBTzdSZnVNTWx4NnlBWEpYdVJ2Wmw2SnZ1YWxWbGlpWGZyZ2txSU9TME9jbGtUaTRjVHU1MlAyUWJ5QQ?hl=en-US&gl=US&ceid=US%3Aen,11 hours ago,2025-03-14 15:42:00.296102
Tesla’s stock defied gravity for years. Is Elon Musk’s EV party over?,https://news.google.com/read/CBMixgFBVV95cUxQd2ROeGxod29KNHpBQ3J6SkNURmFzN0JOX2I3VFMtVC1VNFJ0OU1EX1hZVG1VM2U0ME4yYlU5RFVvOUJPcnlmUVdtWjRaR1psMGhnMHhicFRJOXFKcG4tS0dHSGJaQXRVSktscFhOOFNZd243S0dXZ0dicFZnQmNkazFjNDV6RVREU1M4SF9ZS1J5YUx5cnhqQURUYkZ5UURnV2dhMkwxWjdtZ3BDLVp6aTlLZUxpZHcxMWxyelM5WXlTNEZqaHc?hl=en-US&gl=US&ceid=US%3Aen,3 days ago,2025-03-14 15:42:00.296152
Tesla (TSLA) Stock Crashes 15% for Worst Day in Five Years,https://news.google.com/read/CBMijgFBVV95cUxPRTU5RWdQV2lOSS1MbEJtRlFsbHB5dEVEZlVlTE11RmI2NS1ULXdSNGh3ZzdkeXd2bXMyUGhIVFhVbWI0akJrUHpBQWpoQjBtdVllWm1weUsyZkxRd2RpelpSOE5XcC1tVmdhYlpSV3Y5Y09mVW41UmJadFFHckJEbTNtMkd6ejZjQ2hWQWJ3?hl=en-US&gl=US&ceid=US%3Aen,3 days ago,2025-03-14 15:42:00.296194
'Unprecedented Slide': Tesla Sales Plummet 45% In Europe As Musk's Net Worth Dives $5.2B In A Week,https://news.google.com/read/CBMijgFBVV95cUxQOHF5ZlluUnpVYXBWVmZiRm1yRUlzUUtrcGJqaWVQbVJlSnRfZnk5cldWdHBRbmZQeG82dzRFd2J4TDN2NzBlVDc4cVF5U194bjd0SlNvalZOY0FxOWNRUzA1MzdVc0NaWnJKTXlMdThMZEFXRzJHcXhlRGJubzNEWld6OUtiR3g1VVF2eVdn?hl=en-US&gl=US&ceid=US%3Aen,6 days ago,2025-03-14 15:42:00.296237
Wall Street Bets Big: TSLA Stock Could Be Worth $800,https://news.google.com/read/CBMikAFBVV95cUxNZkhJNUFnOF91MnZLbXp1cThDZFdOZURaSV8wWHdCY0R5Zm9nNWJGZXJIQm9aNE5ieE9FTDg4bF9uMUpPUktKRkY1V1I2X1RzZ3RDcnVVZWVSQlN0NVNIZ2dUNnhpbm5YdGJxelZ2c0NWTUpZZDFZTzRXdGg0RVNjVUNjZVZZalBWMU9UdVFwd1jSAZYBQVVfeXFMTmdLaU1qTjVyX1NXeVVySjZCTnRoR3k2d0ZhTUVhVXp4TXd3ZTNNQ2RZMnJWNDF6M3hJXzRzdUZ3ZXdSMDF0NG1LalB0WFpFZnBBOXJuNTNvRFlNWHV0VWNYVVhQcFd1QmRJczV3ek9fVlpGcGtRaTlQNk9IU3ZSUmpkRkZvMjJsQVczVDAteDJGREg1SmFB?hl=en-US&gl=US&ceid=US%3Aen,20 hours ago,2025-03-14 15:42:00.296278
Tesla Stock Surges Tuesday After Major Sell-Off,https://news.google.com/read/CBMijgFBVV95cUxQc2tHN1EyVFZRRXBhWEdoTGFGZHRTdndLUlRIcmNSOTNsVUxabm10MEZScC1zc0ZLcWVWb3NWQUIzUmljU25tTDE3YVFHOFZHQ0ZoNU5Xd01Ob0JEc0p0Q0Qzb3lqVkY1NDdyWHhyeGxQamt4SGRPb3c5cktkX2pwQ0VhVDBndEU5aVNLbFNn?hl=en-US&gl=US&ceid=US%3Aen,3 days ago,2025-03-14 15:42:00.296321
Tesla (TSLA) Stock: Wild Ride Continues as Analysts Project $200-$800 Range,https://news.google.com/read/CBMimwFBVV95cUxOaFI5R01hYTN2WjA0eUtWV19MbXlQNHdhdjdHdjl4Z3AtdzlURHR1bE16dlZIekpCUzBfdmoxOXB6ekV5Y3FYUURHQkNaWk5TYThJNkprVHRXUWM4MmtVT0pFSmNZYkFTNVBDbllQaG5qMlJLTjF0YktXTUV0RUVWV3doSUtNZGJRMWhNTjllRTZzLV9OSW10SjNFSQ?hl=en-US&gl=US&ceid=US%3Aen,18 hours ago,2025-03-14 15:42:00.296363
Is Tesla (TSLA) Overvalued? Falling Sales and Unmet Tech Promises Stir Doubt,https://news.google.com/read/CBMipAFBVV95cUxNR0V1Q1k3ZzVvaHFsWEhybW9BMDdJS2ZaZVZWSVduQTFnRk5zMHJ2Rjc5aHIwTXIyaW1ONnMwT1R4X1lZYkhGai1VNHR4RTJPN2dpaEJ6TzlNZDlucDR1c1N2VTNZYmdKcTVEdEFZQ0tVOFIzOXVBaG4xNTRBaGtUOWkwdmVuTjdmejJVQnUxLWI3N2txQUhwMEF3b0NLSGVfUWJzQg?hl=en-US&gl=US&ceid=US%3Aen,4 days ago,2025-03-14 15:42:00.296406
Tesla’s Stock Plummets 40% Year-To-Date as Analysts Clash Over Its Future,https://news.google.com/read/CBMiowFBVV95cUxOS2RmWE1MVFNFYTlYekZBNkN4NGJ3cW01WXFidk9XZGNvUVI5Rmlzd1VHcG9BazhyeDE3VGlDV04yTTVyZGNLa0ZJa0VRWFBGcGVCVTE2a1Z4Mnc4RUJ3NjNNU2RFcGpYT0VYekNiQWdxVWNKVVYtUmY0SDZxX2d3LUhYY2tuTEo5MVpZM29wRmJXNDJJRG91Nm9Xbl82YXlTaGJz?hl=en-US&gl=US&ceid=US%3Aen,4 days ago,2025-03-14 15:42:00.296450
Tesla (TSLA) insider trading: Elon’s friend James Murdoch just unloaded $13 million,https://news.google.com/read/CBMirwFBVV95cUxPX3VLRHRnb0huRUNybnMzYm9rYUxQZ0RBSDdnYnczeXRicG9KdWpIcWJGWkNhT01pM29ZdFBraUZFQ2M5MGdhRXZUWXdxMTBINVVtQm1xYlltQlRmakhZR1RSQ2N2VHcyenE3bEllZ2xfNFdyZ0huQmVyV1dmdDQ2QVVUMWNaNDM5bkRTdUd1cmd2OXJOeXQwSUplVG02Rkl3QWpJeTAtS2MyVEhKV2Jz?hl=en-US&gl=US&ceid=US%3Aen,3 days ago,2025-03-14 15:42:00.296491
Why Tesla Stock Is Surging Today,https://news.google.com/read/CBMigAFBVV95cUxPUFBpSmdBU3AxUGVnb2ZZdC1OaXZoWFd3bnNNcGpwa3NuOFZ2T1V1Z2w5TVh0a2N0REZ2YU1mUEJNRVZPVWhsWHM3SHg1Z3JjUHJoMHcyOTY0bklpa2MyaVJjQ2xBZ0JWMmJPOVpwYnVWSENtOURHd0FJamRnTUVETw?hl=en-US&gl=US&ceid=US%3Aen,Yesterday,2025-03-14 15:42:00.296534
Is it time to buy the dip on Tesla? Let's check the technicals,https://news.google.com/read/CBMiekFVX3lxTE5OWmRYTGVZY292WXhaRC01LVRKQjhjYVZEcWI2N3A0dmdIMmk0Y2VzRTJWeTBjXy1oVEowX2xFU1p6LVZlWGxnN3RrSDBTZzlWU2d6dGItenVNa2Z1Y3hYNEhLU3prMDRUeF8xY1ZQWWVOcVV2SUlza1FB?hl=en-US&gl=US&ceid=US%3Aen,19 hours ago,2025-03-14 15:42:00.296575
"NVDA, TSLA, PLTR: U.S. Stocks Have Further to Fall, Says Chart Analyst Katie Stockton",https://news.google.com/read/CBMirwFBVV95cUxNWC1lQ0plYjVBVlNwVHU3Y3FXcHVtUDUxVWxtRlg2R25lbGE5RDlNRmZlZ1QzOFo4OWhaY3pXNUhLbGJ6MThBMHhKd2VmNkk1c0tYb3NhbVZ6Y0xxdXZFVzdrcFV1YW5wUVAtYTJSd29zYkt1RU5ia2htek1HYXkyRjJ0bWZJU0VpLVdjS0F2dlZ5aWd6dGtSVXFNRjUzeDNyNEZTSzBKNm5kTV9QWUg0?hl=en-US&gl=US&ceid=US%3Aen,3 days ago,2025-03-14 15:42:00.296616
Is TSLA Stock a Buy or Sell?,https://news.google.com/read/CBMiiwFBVV95cUxPRS0zZVBXaVJrcEtkRmM4Si1DTy1YVDJXRldONXplQ3hjdjI1YUNCb2YxYkxzU25QX1RsNE5GeTBNeTJJNVJSTjlNUDlUQWxpOXF4TE5EZEhTWDhvcjlDUWdlcmlvcDRJV1RaRDE5ejRsenhkeHhyUTBOTktJcmNZSUp3VXc0OU8wYUtV0gGQAUFVX3lxTE04TU1KNkpyZHllZ0lWdW55WHdSaEY0d2haZElyNy01bGF1ZjhKOWhxSFAyWEsyNjZsNkJYWHpndDJPaEVpbkZYZUFTaWZKTVI2b2NIS3dveVVGdy1taWhlN2I0c1JJOGlzWXFHN0JRbUdUSmpsRHJkQmpWWEQ1ZjdTZzNQZlN0NWh2TkNUd0ZkVw?hl=en-US&gl=US&ceid=US%3Aen,23 hours ago,2025-03-14 15:42:00.296657
"Tesla stock falls 45% from record high, a 'gut check moment' that has Wall Street bulls doubling down",https://news.google.com/read/CBMi2wFBVV95cUxNQzR3Zk5faW5raTJqLXFPWm5TRU1fakcxSVNIZmNkbzVoLXBEQS1EamJVVHRUcjVFTk9kdlQ1TDM0bV9yemJsdXRBbGFVVjlZa1RjNnlEbmdBb19WUUxGa0k2QXdsQjlvVHk3T09wN1VGeUZUWjdfT0tBcDR5UTBTRGJqZTJ0bEctR2M3bE8tTFN1cHhWRnZYQzg2WFFLdjZJNUoyWWtIb3ZPNnlJbkQwSHd3NjNQVldsbngtSDdnZ0JiUTJZRmFUZS1GaU5vQVpvYlBUYWpjM3Z2Vms?hl=en-US&gl=US&ceid=US%3Aen,6 days ago,2025-03-14 15:42:00.296698
"Tesla stock sinks, UBS analysts cut price target",https://news.google.com/read/CBMigwFBVV95cUxQcy1QUHdKdmdUeHdkMFFKUmZZYlB4X1RnWk1Va1BVU1hFWHhNRjlzT19uT0FGUEdtdEt4d1ZURC02NDVwTWhWZk5DcTQzbURxc2RBcHFVTmVGNmI2ZGdWNDhndWNaY19Gb0FJWnpkYXMxaUlEMW9PRDlRdUVUbF91bkJzOA?hl=en-US&gl=US&ceid=US%3Aen,3 days ago,2025-03-14 15:42:00.296738
Why Tesla Stock Is Jumping Today,https://news.google.com/read/CBMicEFVX3lxTE1SczJwb2xOdG5qYk5rd256SDZNU2FMM3J0RGtVWW42aEdQb0ZnVTAzaXJoSXgzaS1SS29vZV9KTHRzSTMyNnduZXhNWG1yQ0pJUnM0ZFMwZWwyc2E3b0hERGV5YlVXWW04T1JqTzdjaGo?hl=en-US&gl=US&ceid=US%3Aen,2 days ago,2025-03-14 15:42:00.296777
Tesla has split from the 'Musk trade.' The company has its own unique problems.,https://news.google.com/read/CBMioAFBVV95cUxOWEhOQmszYnlNVHNHM0hHblIyLUZxMGpieS1tQ2hzTUNLNlMyQTRDNnd0STZHY3R5RDN6WnJtRGdYNWUzTmJRSVpsVVNaM0dXTGJ4cS1URzVLRGF5R25CUFFOUTlIQXV5Yzk1cm1zVWFzdHVSWUozejY4bHVWZi1pUndIczA3RmJxMkRpLWZLTVAwNlJ3LUhhWTRIdHV4bWd3?hl=en-US&gl=US&ceid=US%3Aen,3 days ago,2025-03-14 15:42:00.296817
Elon Musk tries and fails to pump Tesla’s stock (TSLA),https://news.google.com/read/CBMiiwFBVV95cUxPVnB3ek94OUxHb0N6LXhMaktNbTNNTHlBNmFKdDNVYkNzUGRGVUFFc29VWXZycU1scDVTTFFVbGVFZVJOemJ1VTJsa0l1MjJMYUJYZXF4N3VrT2gxTDV3MHJZT0lEdUo3ZGU0bVMycUtFR3d2TUFzYUQxMkVrbHQyTzRVRDRzVEhkMjNj?hl=en-US&gl=US&ceid=US%3Aen,10 days ago,2025-03-14 15:42:00.296858
Elon Musk Blamed for TSLA Stock Siege as Wall St. Expects 53% Rebound,https://news.google.com/read/CBMingFBVV95cUxPbUlYNmdteGY3dGtyM3MzVWJZemFXZjVSNFNOUGtQYXdQV2RhVG4zR3d6ZGE4U2wtdE51QTZfWGNPd0RzbGNhTm1KUVdLX21kYnM4OUpyRDZsU3ZVNTBCZlE4OHpaZ3p5Mk1Rb3N4cnBSOEZJZi1RMzRmaC01aEhSZGI0czhBWWJHR0RCQ3pxaUdVUkZSdTlNZ056eWhVUQ?hl=en-US&gl=US&ceid=US%3Aen,4 days ago,2025-03-14 15:42:00.296900
"Tesla stock price drop on March 11, 2025: Why TSLA shares fell, Elon Musk’s response, and future outlook",https://news.google.com/read/CBMihgJBVV95cUxPT2Z2Z1pDVmtzR1NMSUFBNmt6YWNuM3YtbTM5UE1VLUtSbW1NLWtoU0NmRjVhaTVDU1RiZ1BxT0VTY1NUZDVQVzctbTNaZVB3cDZhcUczb2dMMHBGU01naF96ZllzNk5sMGdpTnByN2JvenMxLXRJZjJSR01xRWtKcU9iaTVENEhVaUt2YnFQSnVXTVFOZ3NKU28zaHdoVHBUYU9ZNmhxQU5VcVRqS3h3WUg1aHBXSFY4eG8wZVAwZDBtSDNfRmRpQUdUcGF1R05jSGsxUmowanhvYklRb0JtNXY1aTJ6Y2t0REo1S1Bpc1FGeEpQQkV2STJrN19SYU1xeDQtX2h30gGLAkFVX3lxTFAzQkF3X1VSMlhxdmp2N24xVFlyR21ISGZMX3hkM0JXcGZjcHZkYzhKMF9ORFhxUVJkRWh3bHFiX1ppc1NZUTQwblYwZzgwZGNhRWdPaWJ2R3JFaU14T3JtUHZoR0lybUxZRXlXTE5wRzRQNUVCYjZWMFdMa1RUbWJORWNIQzlHenJJRFMyX19xNFZFRGMtQ2RjNlBGb253Y002NTlZbVhRUk5RbVp5MlFsZi13MHZ1U0hDbVRFNW1wS24xdmdEWXg0TmdIZ0VsSjk3U3d0VGVuTG1LZzIzNlJiMVBaa2NjSzE4T081bWg5LXdGRmtLaXNZckV6VUF4NlJWWmNidUR2eE9pTQ?hl=en-US&gl=US&ceid=US%3Aen,3 days ago,2025-03-14 15:42:00.296949
Tesla Vs. BYD: TSLA Stock Crashes Over 50% From Highs As Elon Musk Worries Mount,https://news.google.com/read/CBMicEFVX3lxTE94Z1FLYndGODZhYUtXcDNSaDdjbDZJanZUbWV5alpLT3JtMFB6T2h4QW9Lc2pnNkZwcThGYXk4ZEFjeXdGb3pmcFVOSzh4dDRrbVJLWmNxSmRtcWdKd1hWQWdYdHZJdHg4ZWo5NG1EMDM?hl=en-US&gl=US&ceid=US%3Aen,2 days ago,2025-03-14 15:42:00.296991
"Why Tesla, Inc. (TSLA) Is Plunging So Far in 2025?",https://news.google.com/read/CBMifkFVX3lxTE1RazdnY2RGMWsxNEJ6RGtUNUFMekItYWswbmhSdFJCSEpkTnhXQWJabGVIRG1NTHJIeWVWVEItU0pBOEZoTTAzczIzUk1rc0V0OHYyeGUyNUNfVFJqaEFJRjZUSDIwMmMzbC1jbVZVdDNVYkFTV21CcFBzQk1Vdw?hl=en-US&gl=US&ceid=US%3Aen,7 days ago,2025-03-14 15:42:00.297030
Is it Time to Buy the Drop in Tesla Stock Yet?,https://news.google.com/read/CBMickFVX3lxTE1YRGNwT0hCck13Y1J4R2tqa3ZFMjltbF8wZDhJQ2ktSTJQODRqWGFuRlE4c0d5MGFJQW43cXNjeUtNX3o0bGZiQ2dybUJ5ZklQdS05dF8wZm9SbjRsQXRYa2thMmtaeDhfSTVhLU5DSDYyUQ?hl=en-US&gl=US&ceid=US%3Aen,6 days ago,2025-03-14 15:42:00.297069
"Tesla, Inc. (TSLA): Jim Cramer Warns – ‘Liberals Aren’t Buying Their Cars!’",https://news.google.com/read/CBMie0FVX3lxTE11aVA0OXBRSXhoRDRxb01STUw3VTlyclUwQ2JSeDNZTHNYR1J3QjRjcG9xQkVZeFpiT3UwcEZrVWVtVmg0VkpFanM1X0VnanRfb2ptd0Q4YUJObGtFd2lHai1JcUVQUnNWWXFWbUpaWk4zZjJMMG9waDQzOA?hl=en-US&gl=US&ceid=US%3Aen,7 days ago,2025-03-14 15:42:00.297109
This Analyst Thinks Tesla Stock Can Rally 61% From Here. Should You Load Up on Shares Now?,https://news.google.com/read/CBMigwJBVV95cUxQdFFxNGhXLXVXRUFlY2Vnc3R6VjgyQVJ0b1NfRGFaOVZTbjhTS1BiZzBEc2FSX3NQYkpIU0JCSFhYX3JfUWZOeGd6S09jemotYkpuWXRoaXpXbWpmMDVaZXFWTEhfRUxUVTdTbVNjZTJEUXotOEI4MGUyQzhlNFRsYy1QRmZxVndrcXpOeHIta0tHV0VKaUlxcnBxNklRemlKVHBtMmpLM25wUmw3M1JzNTlTblRpcmhDSjE1bUtRMXQyc2lIa1hCODZ6ZUZlWFAyRkNKdklMTlNBQ1B6eGpDbUVFU25KcFF0QTU0RzhRZFk1SnYwMnlKTGtqZTd4cU1VSHQ0?hl=en-US&gl=US&ceid=US%3Aen,14 hours ago,2025-03-14 15:42:00.297148
Tesla chairwoman sells $33 million worth of TSLA as she lets Elon Musk destroy the brand,https://news.google.com/read/CBMiuwFBVV95cUxQZFJMaGdBUkE4aDRzcllPdFVRUlNXOEh3eVlpT2RHZV9FdTZPa0F6R1gxMXFZck9GNFFUam8xMUVQRi0tZnIzUFVxSUc4MDY4Q1J4TmtmZmY1cU5EaVZOV05JSW1Da2U0a1hGcWRZSDZHUnd4VG5MSzZSZkNhUFpHa3cwQTVUaEV5Y2tkdDFQdWZRTmJpYnlGZV9rMVI0bVp4TU1ieFJPMFJ4TTRfSm9mOGJfZHJxNkduUmRV?hl=en-US&gl=US&ceid=US%3Aen,11 days ago,2025-03-14 15:42:00.297187
A Month Ago Tesla Stock Got Its 'Top Pick' Status Revoked. This Is Why It's Back.,https://news.google.com/read/CBMihgFBVV95cUxPbWx2MkFrQkF4aDF0eVlGS0M2REVRRzFPQkVwU0NXNDRISFFrUEcwajcwUllRQXVkUHlpUG9Da18yQk56RV80T282dExQUlRpRXJhR1ZGQXRSOV90MEF2LVozZ1VrLS0tZkxfdjFzaUJidlJCU3hoUHo1WmVEY1R4Mk9OZkVoUQ?hl=en-US&gl=US&ceid=US%3Aen,10 days ago,2025-03-14 15:42:00.297227
"Trump’s Backing Could Boost Tesla (TSLA) Sales, Says Gary Black",https://news.google.com/read/CBMiiwFBVV95cUxPM28xQnZ3VzlqWUs2bk82UmxrYXg3QnlYclVsdGpUTmFtUnVQVUhfOEJPVS1YX1RmREIzSEJxdHdQVHExVUVwUzdMZllYancxd2xuU3dXcjlaVlRoM1g1QTJpWTAzRGltT1ZwYmNoS0JnWC10LWhGTG5zOXFlX1ZzeGpnRWh1ZG9GTDNR?hl=en-US&gl=US&ceid=US%3Aen,21 hours ago,2025-03-14 15:42:00.297266
Tesla Inc. (TSLA): Among Stocks That Will Go to the Moon According to Reddit,https://news.google.com/read/CBMifkFVX3lxTE5OQkxjSWtDWjZ4UGhDWXZjbWVjcmVQY2g2OUxRQ2VfOHlQaWJkV2xyQ3Y2Sm4xY0xzdjJ6RURJSDRiRXlpOUsxSWxIZFdrTlF4SnJRbHFINlpWQ1Q4bDZYOTFKMzMzYzE5Wl8zOWhycjFVSV9mVTR4cWVrX3NuUQ?hl=en-US&gl=US&ceid=US%3Aen,7 days ago,2025-03-14 15:42:00.297305
Tesla stock sinks 6% after Baird analysts say Musk's government role adds 'uncertainty' to delivery outlook,https://news.google.com/read/CBMi4wFBVV95cUxQUlRSYXRWSG01NFdqclJWQ1NKY3JBdnRXcXljNk1kRG1fYkluSnp5M1VHeEhDYnZVYnp5M2Y0Zm5jakxSVlVha2xPY2FWdUU5cTJfQjJCeWlBT01NcV9uT0E0X0V2alJUd2RkMVpmSHNtMnZFR3hYRGphWGViVGsxejkxdWgtOXJINkZhVktWUTI5RlNiYUpQVnNaYUNydnpWN1JBLTJBU29ndGwxSlFucVRwRU0xMWdsbzlfTlNQNWFNV3RaLVFta3hMT3NOZVZxN3pWTEdwUDV3MW5jU3pWek93WQ?hl=en-US&gl=US&ceid=US%3Aen,7 days ago,2025-03-14 15:42:00.297344
Why Tesla Stock Is Getting Crushed Today,https://news.google.com/read/CBMiiwFBVV95cUxPWm9uM0FMbW5LMDZsMjlUemJfUmZhTFh4RVBrcm16cjhaTk1EY2pCOE9IS1FBSkNjUFl2T2lJQktlckt0XzFGaEgzUUwxaTJVMTVMYWN4LVVRWDdYaFZtWUR3eHVLZVYtM3NrWFVRZFYzc2lKbElybHJnSThYRl84aXFaazRPUnY4SFdN?hl=en-US&gl=US&ceid=US%3Aen,4 days ago,2025-03-14 15:42:00.297383
"Stocks making the biggest moves midday: Costco, Tesla, Broadcom, Gap, Samsara and more",https://news.google.com/read/CBMipgFBVV95cUxQNUpacUVUSU14RjduWnVxa1BrSHhfeXFRVWJOMkQ4RnlvS0dkcnJBS0JxTnFUXzl6bEkxclNYVjFtOEpfMnc1RExpa1pvWXVIdFI1eTVzUlVZdlBpVVRCaTk4NFJqU2hxUk1OeUhySmU5SG5pNWdFdUVON3lObDRadTByWVdtZERYMWhTcHN4WlBTZ1puMnI0OEhUYmlnMzZoVEt6TUlB?hl=en-US&gl=US&ceid=US%3Aen,7 days ago,2025-03-14 15:42:00.297422
Tesla (TSLA) Stock: Trump’s Purchase Fails to Sustain Rally,https://news.google.com/read/CBMihgFBVV95cUxPSW9zQllHRklUMHlsdmJnY2F0REdGRlNOcDhmRllfUWFBU09SQUhIOHRLazEyOHpjbDR6UGg1V1lpc29PbjdHS04tRlhVdzZMRjhQay1YaHN4WDJtM0tfS1VSMEFPd0xsT3VfVFZpODJQeDNxUTh1QUhyZ2V5VlF2Yjh3WU84QQ?hl=en-US&gl=US&ceid=US%3Aen,21 hours ago,2025-03-14 15:42:00.297461
Tesla (NasdaqGS:TSLA) Explores Nissan Investment Amid 22% Price Drop,https://news.google.com/read/CBMixAFBVV95cUxQU1hENU95dnN6LTZKdDNpS1ljaE5zREhwUUtkdjR6SnU4a3dDVFJsN1FIS2paMFY2LXEwUFFWU2lhUTk1UEI1eEQ0cG42MWQ2TmUtMUkwNm85YzVURm1wSTV1UFlUVk5aZXBsMlZyZV9rbTdrb2lXMU0zNjItSEJXWDBkVUx2cVVvYXEtRl80VlJ0eGFwMXRSMy1ic1Y3UHhqVkxVVTNNTVJnZ2NCaFczbVBZOFVxVlRaVHBQMThIdGY5TV9E0gHKAUFVX3lxTE12Z3IwYURUQm1RM2pDdGVTQlhkc3hHMVRGbGNMRDd1dExHbFYyZENNTUJiQm54UUp4UWlaVVh0TnRsWU5NckdZSHBTYnJqdGswT05qZHVCT2t6WnNsNWtkMUVQMTlBZWZ1UE9UVXlqUFhaOThCem5QMUJfemFZSlJSWnlaZkxvcnQ3UGFFY3h6cWIwbzVUNnFkMVVEb2FrZkU5NzJ1bkNaQkp4VU1wOENQSTRZVXR6S3BzaEZWdjhySU5nbTFmdFUwMnc?hl=en-US&gl=US&ceid=US%3Aen,3 days ago,2025-03-14 15:42:00.297500
Tesla (TSLA) Warns Trump Administration about the Consequences of Its Tariffs,https://news.google.com/read/CBMi9gFBVV95cUxPd3QybDJKdDMxRFczS2cyVXltRzUxeDgxU1ZSM2l5VUhLUVNtMy1zS2N6azdJSXhJNHNWR3NIYnYwVmlGZy1ERUg5aldKVTlWTC0zdENhcVI3YjdKNUx1SEZvcTdHWWI1OVhNVXhTU1RmaFloUXdWREhJXzVLWnhCR2NNMWVuTUJaUy1lV0ZjZ1MwN2RCck1qRFBmeUU4ZTNwdTJRaEk1TUU2M2VNWnhSSHlXNlBIZGl3MzdXMlI1MThkd1dvaXRCMDdvbXRIREx5TUpBZTRNRkFXVnJPTUM3aFhYZ05wenlWMkkxZDN1cGVraVRGdnc?hl=en-US&gl=US&ceid=US%3Aen,12 hours ago,2025-03-14 15:42:00.297540
Wall Street Price Prediction: Tesla's Share Price Forecast for 2025,https://news.google.com/read/CBMirgFBVV95cUxOYTJfOXJra0YxUm53dUNDZFloeXFWa3MteEpVOTFWc1JHZmJDbVBJcVRyOG5yd01uZmljU3praUx4WXZoQTRrYjJXeXZSZXQySGpPNzBBVUtBdFBndzAxWEVfZWJsUjVuZDZRcXRsQmxGVS1yMjFmUHMtclZ1Z3JDY2I0SkRadVE2akh6dzhnVEJSMERYRWo5Tm4zOTdfZ2EwXzdzVkJjOVQwbnlTdHc?hl=en-US&gl=US&ceid=US%3Aen,3 days ago,2025-03-14 15:42:00.297582
Stock Market Today: Dow Jones Dives 890 Points On These Trump Recession Fears; Tesla Plummets As Elon Musk Reveals This Attack (Live Coverage),https://news.google.com/read/CBMi1wFBVV95cUxOZW1xelJnelQydm9IN3lhSmJjUHdWR2Vpb1QwdHJxUjI0QnN0V0ctTkZqWF8yemw1U003QnZNN1JEUVJhTmV4VFBjYWd5N1lmUGZWVHMzbTllZllpVTdDcjVDdmsxZGZGQWhOMFZoNEhDWlJuM09FdGxZZTZ0cllPSmx0U0tKSnY5ZG45RTZjM2d1OWdvOVpfMXRIOFNXcGI3aFFwRkNVWU1vS2o0dURKLWZ4NVM4eFlleXRXRFMySE4xTGZDOWlWTS1ZaENLSzZhLVFXRU5mcw?hl=en-US&gl=US&ceid=US%3Aen,3 days ago,2025-03-14 15:42:00.297622
"Tesla, Inc. (TSLA): The Most Promising Car Stock According to Hedge Funds",https://news.google.com/read/CBMigAFBVV95cUxNUTdQUFpPQnpycmRZN01fQUE1TzExU3VDNGc0MjhKZHh6OXhydENFaWMyRHhNYV9NTkNwcVdJRU9ZZGNGQVU4bXNSX244SHhyb2VBYTJuV1pWektOUVlheVpERDBUQ1BoX0RLRGQxekhLZ0lQSGVhQ2VUYndPUzJPSw?hl=en-US&gl=US&ceid=US%3Aen,2 days ago,2025-03-14 15:42:00.297661
Why Billionaire Ron Baron Is Not Selling His Tesla (TSLA) Shares,https://news.google.com/read/CBMilwFBVV95cUxNY2dCUllFcG90VEQyeGdNdlY4clNobElFX2ZGYUNSZFNjZmhXQzdVRmVCNGdEX2ppTmxfZnFENFJSNWtYZV9DNkY3QnJkZy05VDAyMFBNZlNZRkczeXBaaFlHYlREd3NkWmFrUjF1YXdmanVCMTBIby1zVnV2UmFJVEplZzdSelp6bnhVM05jQW4taVVtSlJv?hl=en-US&gl=US&ceid=US%3Aen,2 days ago,2025-03-14 15:42:00.297700
Why Tesla Stock Is in the Red Today,https://news.google.com/read/CBMihAFBVV95cUxOVV83UGlaMkhqOW4yRjZ5WnNQOVU5T2x4TFVBel9rNEN3WW5FdW5OY3lCMUU0dWJnMDAxZjR0ZFd4VnRuX2Y2WWtlbTdkZW1Ibm9NVVBmcm5zN05lVDhXVXpMeXczTi1TdzlfVHc1S0o3NU00REt4NnhFOW9UOGtoZUNuR3Y?hl=en-US&gl=US&ceid=US%3Aen,18 hours ago,2025-03-14 15:42:00.297741
Tesla stock gains despite worries that fueled recent drop,https://news.google.com/read/CBMihwFBVV95cUxNbVUzeFNpbGp1VTR4cWFlMDlMZXpYVzZIdVpYTFQ0b1FQWGtwcF9Wa0xBa2tpV1ZQSjZCbEQ2cDczNmo5UHNjTjVqZVJ3STFTYy1Cb193ZWdXVTFKWUtVN2VVSGNnN2NGQ2NoWGptQ3VibmtJUmFBalFyMl9CZVVWdGhNdFFkOEk?hl=en-US&gl=US&ceid=US%3Aen,2 days ago,2025-03-14 15:42:00.297782
Tesla stock predicted to rebound +90% within the next year: Morgan Stanley,https://news.google.com/read/CBMifEFVX3lxTE9HbEtDRmRfUGxNY1Z1ZW1fZ3VKSTdROTY2aDluTUhnbEl6czVGLThKT3RqaWRxb015NkNfU1lOZXBqa1ZJa1pYdHlEa1pialljY0QxcmpvdWJVam5RckxwWHF1YW91aGJBQ2VLNjFWcVRQMGEyZFJwZFNWd1A?hl=en-US&gl=US&ceid=US%3Aen,3 days ago,2025-03-14 15:42:00.297824
Tesla Stock: Generational Buying Opportunity (Rating Upgrade) (NASDAQ:TSLA),https://news.google.com/read/CBMioAFBVV95cUxPU2lJYjl5d0R1bHhHejljdTYycHd3Q0ZicVBwNDdPMjFPV0d6UXppT2l4ZHh1dHpMYVItVmpWcktsbDBxOTFydWdBaEpKYVVpUi1vNDN2VGRySV9MRGJkWEFXZTlrMFI2d0I5RlFZbFdNRzRiUzFtbVZ4OTJudF96YV9hbHlwTFBkQ0Z6N0tUaDl0OUQtOF9xMVYyREQxUnRT?hl=en-US&gl=US&ceid=US%3Aen,2 days ago,2025-03-14 15:42:00.297864
"QBTS, DOCU, ULTA, META, TSLA: Top 5 Trending Stocks Today - Meta Platforms (NASDAQ:META), DocuSign (NASDAQ:DOCU)",https://news.google.com/read/CBMi4gFBVV95cUxQMEpHZXpNOTg5d0RxMXdDTmxzTzI5cHUyZlV2Z3dZQkg4ZWU5cGRPeXQyeVVYYzlabVJaWXFQU1MwMk40QVVjVExUbUVrczllZF9EcHZtNkZITWFjaWVZQk1uMjk4dENqS2hpYVA4aWJfZFhqZHhnN2FCaGxVUDFXNWtVTW5hN2pFdW1JcUJUcVdiM3VTU2RsZVdZa1dfRlhGMzhYVTMxRjJlMVFoVG1qaFp5Z1FLR1lqZ1ZmREFxSnlyc2IwaG9Zb3N5VUZ6THA5ckJwU0JNMC1pMExscVhNMnBn?hl=en-US&gl=US&ceid=US%3Aen,7 hours ago,2025-03-14 15:42:00.297904
Tesla Stock Dropped 14% Today -- Here's Why the Decline Will Continue,https://news.google.com/read/CBMilwFBVV95cUxPY0lzR1ZlZUNWR3RLb3JfV2V2U2lzdE5TdE9jOWhJRkVZLWt0OXIyTWxCZWtxV2JCZG5vTS1FNGRzQlNuSGo1TVg4d1FCWkhYV0lrVHY5Rl8tX3ZMX3ZnUWZxcVE0cE1GWXUwakpiUHZZZFRhZHE5QzVpWnI1SHZyamZrYlB2aGp2WXRkNGxqLWpKcUJLb0pv?hl=en-US&gl=US&ceid=US%3Aen,3 days ago,2025-03-14 15:42:00.297943
Elon Musk Makes a Massive Prediction for Tesla's Profits,https://news.google.com/read/CBMimAFBVV95cUxPUlFYM1FacmJXVEpST0wwYTA3bEh6dm0wNk93T1RBZXhMZlhIWlZ1c1VwSTBWMXdzYlZMYzNyTno3aEZ5THNYeEdXcDJIX1M2aGZhU3FCZTVzUG82OGl2RHJ1dVVNSzV2RXdWcEVBU1N3S29MeE53TGFodGtpRG43OUhZOGNreUtQN3p5LWpvNndlZVNTeEhYNQ?hl=en-US&gl=US&ceid=US%3Aen,4 days ago,2025-03-14 15:42:00.297982
"Rep. Julie Johnson Sells Tesla, Inc. (NASDAQ:TSLA) Stock",https://news.google.com/read/CBMimwFBVV95cUxPMEVQWjZMb1NEWUk2aUVJR1RhZl9TLXZNN1g1RF81ekpTMEdCQndTTVJ2MzFzR253bXhPQ2FzYXNoU2RDTzE2R29VaE84VW1VMndLNnRtUThFckZMaGlvdHNMdmwwT0tNcVBmaXlqMXJjbTZxdHJTR01hVEJhMUJHb0c3UG95T0hMVXNOTGxsSkVqT0ctd1VvUGktQQ?hl=en-US&gl=US&ceid=US%3Aen,3 hours ago,2025-03-14 15:42:00.298021
Tesla stock rises after worst day in almost 5 years as Musk says US production will double,https://news.google.com/read/CBMi0gFBVV95cUxNcE9uUERLc09ZZEhZeWkwblRJSXFYRjZOTW5UdXI0ZkxuUzNBb3ZaWkl2MTAxNTRVWkhDeEN1RjFPQ2R4TnFRck1WdWRnUVlBOXo1NTNlTW1ocW9aUzN6ZW82ZmZyb3JzVUtqQ3VPMndmMG9BVFp6VjF0QVRVMXlsMFFvdzBZZHVqVldCcWRtVkZKd0xmZ0dHbFhvSnRDWHRUd0ZPQ29ZY2NocDFRTGFtekJrMUc3WWs1Z2FqZEY3ZjVLb0QwejF1UE9PTng3Wk1qM2c?hl=en-US&gl=US&ceid=US%3Aen,2 days ago,2025-03-14 15:42:00.298060
That Martini Guy ₿(@MartiniGuyYT)'s insights,https://news.google.com/read/CBMiY0FVX3lxTE1VQzNUaE04SE1CeFNVQTd1c3BkQWd5U2drNmpUQlEwZmFZRENSdTNLWmhaOXhNLXlmSXo2NDd6MDB1UHRRV1cyRDMwaHpldWlYcjVUQU9GbFBBcnptbFZFdW8yUQ?hl=en-US&gl=US&ceid=US%3Aen,14 hours ago,2025-03-14 15:42:00.298100
3 reasons why Tesla stock has crashed 39% in 2025,https://news.google.com/read/CBMif0FVX3lxTE5ZRlRSRjR6Q3JVRDl6WHRYY0ZXemFJazZ2VFJUaU5mSXJxMElZVGxoY3NoSDdvbzhCRkJTeE84NVk5NVhIcmY0cS1ocDB3M3UxYl9oYW1HZkZOeDFCMTBQU2xPYXVycFhpZi1IUHR2blBDQXlNckkwelpwS3A1bXM?hl=en-US&gl=US&ceid=US%3Aen,20 hours ago,2025-03-14 15:42:00.298139
Tesla Tumbles Most Since 2020 on Pullback in Sales Estimates,https://news.google.com/read/CBMiswFBVV95cUxNQkJXMkZsN0FGXzFDbHVmZG9GWmpfVFN0V2hOTzdGNFQ0RTl0QThrbkRYcHo2Z055cmRkQmZOWHhUeGd4eklaZFMxVk16WHNCbk40NHgyd1NoSGEzMF9QcmJtZlhDMWJvZXBLV3B4aENycml6dG9zUFJjMWxhRkI1d3RENXU4R1dfWU9mVVpkSExzdjRsWkRtRzYzRHRTMEZvalg2ZFVXalRQc0VWUlRCUVlmOA?hl=en-US&gl=US&ceid=US%3Aen,3 days ago,2025-03-14 15:42:00.298178
"Tesla: Unprecedented Chaos (Also, A Generational Buying Opportunity) (NASDAQ:TSLA)",https://news.google.com/read/CBMiqAFBVV95cUxPOWhqSFNVMTZXY3luNlMzRUQyZ0JVMzFxRElndkxra3hPVWlQZUlfVHB3OTRQQXl4bWh5S1Z5ckZBd0VkNUxqckx5WEhlSzZVLXBLYlNfMWFLTVA3Y3JXMGRQWFAxcldrdDh1bTBpLU5YV0tRQkoxQ2NCcG9lQnA0bmppMUZuYmpfcTExU1VtUDVmaFpOTFA4NG9ScGpCYUY0TWZWZ0xhZ0E?hl=en-US&gl=US&ceid=US%3Aen,18 hours ago,2025-03-14 15:42:00.298218
Tesla Stock Is Tumbling And Dave Portnoy Is Calling Out Elon Musk: 'How Far Does TSLA Stock Have To Crash Before Elon Goes Back To Work?',https://news.google.com/read/CBMiigJBVV95cUxPa3VCVHVmbmFvaDdmS0tYbTJwRFRhOHU5cTFDenNtX0oxc21mcGhLREREU3QwQzhCNEE0T2tOWGJ6aEZhSDhHeURGdTlfSjRLN1o3am8yMlhDN0lDN09TZ1ROX0dFNTE2aWNiUUtkOHliRGx6cy03UHFOV1FMcWhBaXRGeWFhQlBZdUF5RW1ScmlRQ1JiamJJMm54TnI2TUlVanljX3FCZHNhbkl0b05uRWs4eXpNYUZpZEUtNVYwRDBaVzd0MzJuUUJkU0QyRjAzMHRrSVVBcXZIUlNMNVIwUlBidXFnQXlVWXNObkVWdXVRQTRsUmhqblNIdHZuSDZEZjZmVmZHTmk4QQ?hl=en-US&gl=US&ceid=US%3Aen,9 days ago,2025-03-14 15:42:00.298257
Donald Trump Is Buying A Tesla. Is That A Cue For Investors To Buy The TSLA Stock Dip?,https://news.google.com/read/CBMiyAFBVV95cUxPcVk0UDR3bmVFM1EyZzZHZk84TllyZGEtbWEwUlBfY3RSUHNPREI0WFl4ODM3c19ZMzNPOU1QOVAxM3JHVTI0T1lTS2wxSnlvU2xNN21nV1lVcVA4cEdKWEpxU09SUzZ3d3NzWk0xSHJQUWdfdElTeE9xUi1yQXNjek5QNVRyVmhzWWxLNWdTaEFfQm9vMGdSUURZOElCUmV1WFRLZFo5Z054bE5tN21mbU5sem5MLW4xc1RTRTJMRlFPeVZWRHJxZA?hl=en-US&gl=US&ceid=US%3Aen,3 days ago,2025-03-14 15:42:00.298297
Tesla: Time For Elon Musk To Return To The Office (NASDAQ:TSLA),https://news.google.com/read/CBMikwFBVV95cUxQZm5WRHdNV3FoalB2blRhQk0zLUhSTXpsVTVVUXdzUWZMbHNsbVVURTFhc1hHN0hIbUFJVDNEZ050aHBpSVBUUURjUkxCN2NKMlJhRnpKb3RGVEpXUDNuNnkzbDBxRjhpdlc1VGd6aFpkSmh1cjF6M3JRa0tNZDQyVDExMVA1R3NMNzY3aVRrRWtsZ0E?hl=en-US&gl=US&ceid=US%3Aen,19 hours ago,2025-03-14 15:42:00.298336
"Dow Jones Futures Rise After Trump Triggers Stock Market Rout; Nvidia, Palantir, Tesla Plunge",https://news.google.com/read/CBMiuAFBVV95cUxOeFRfaEZqOFJXdnBQZldueGRKVk8wdGpqaG5XZlp6dkluTEhMSmRkMHdTWjhoUEt3UGt2RjdvNDlvT1NxQXJNUE92RFR2S2NyNVpnZTBQVkxxYk5DX2ZIcWo4dENPTTBRemN3ZkRwaTE0aFlqSTBZVnhOMTdTbEh2VUszS0EwMnlFOUVYX3Bxdy1XZTlmMTRXOWNYOFRaTzBzNjdJeEFHdEtjbm5OVmxZUW1BS3pVbUps?hl=en-US&gl=US&ceid=US%3Aen,3 days ago,2025-03-14 15:42:00.298376
Tesla's Tipping Point: Can TSLA Stock Recover From the 2025 Crash?,https://news.google.com/read/CBMigwFBVV95cUxOUG03Q1dzU29fakhxODNEVXlMNjdDRGZpU0FPOUszdE9abXFoc2hWNU03LXhjOVFXUDkwQWItSzZvaGVXTmdoOUg3bTFxbTdaelhHekxDRDRMNTlFaEJJQXpNS1BLT0l4RnN0bFFsS2llcVhPX053Q3RibmhUMU1wLVpFcw?hl=en-US&gl=US&ceid=US%3Aen,2 days ago,2025-03-14 15:42:00.298415
"Elon Musk Admits Juggling Between Tesla, DOGE Is Difficult, Says Running Businesses 'With Great Difficulty' As TSLA Stock Plunges 50% In 3 Months",https://news.google.com/read/CBMilwJBVV95cUxOY0xoeHdVeEEwUVljODB5VENpYUVOa2tMLVFWeExZdVdDaW55UF9ZMGRZNXdBcGI3Umk3aW9OelZEU010NEJQdTgzNzJYYnJBcDRLT29VQk9Hck1hMEcxM1pTV2JnLTFuNTVHTzZYTmZuNkVhVU9JTS1qVE93bUxzc1YtUW1qc19rNm92b2JhZ25DMDFGOVE2Ym5JR0psdzRvbktoOXBHTVZLUG5ZZzFOcksyX3VFS2Z2dDFFbHZWNDA4MGVkMExfV3REVVptNjlGaHBhWFVHamZFbzAxVTZ1eTNqVkJaNE1ORzRPdjJwVDdNT3ZBZGtQMDI0amxuakhJTExZZjR1VFlHSUpJUnBzRFZObUozSUU?hl=en-US&gl=US&ceid=US%3Aen,3 days ago,2025-03-14 15:42:00.298455
"Tesla, Inc. (TSLA): Among The Stocks With At Least $20 Million In Insider Sales Recently",https://news.google.com/read/CBMifkFVX3lxTFBudmhoTWpyM1pGM1JSbk43ZmllTE1LRmp0VW0yQ1EtaE9Gc216QlRwdElQVzJqT1ZJNHJqdlc4Tjl4WEx6dVJoVGxMUE0zUWh5TkdnajZvMnRieHZvdnpWbTd4eXQwaGVvV2NLVVlXek1ialRuSW9ZLVBSX0hDZw?hl=en-US&gl=US&ceid=US%3Aen,4 days ago,2025-03-14 15:42:00.298495
Is It Time To Buy Tesla Stock's Dip?,https://news.google.com/read/CBMibEFVX3lxTE1rSklub0taMExRY1NsMjJOckF0NThPWVdyNHRLZV9MR3luWWs2MXhRb0c0a0FTdFNLaW5kLXJwRTZfMHZOTmFSTzFQbEpfRHNtTmNERk1EOGR0ZlF3dzd2MkYzLVNONW5ienFxbw?hl=en-US&gl=US&ceid=US%3Aen,3 days ago,2025-03-14 15:42:00.298535
Trump Shows Off His “Beautiful” Tesla In White House Driveway amid TSLA Stock Crash,https://news.google.com/read/CBMisAFBVV95cUxNYnhXelpmVzNNdC1WNzYyREoyVWlkYy11elZpc25XRS12TjBzN2JvcE9WdUctbEJFOVNMbGwxeEdZTzc0NklXT083Um5CVkVvVnNQeUc2R2NVMXl3TjR1eS1nNktYV0pNZUdzQmNWUURfenU4RWRLbk5xNFBxSklXN09IQ0E5X2VOUlpHMGVIbGpFc2xTd2NPeDg3a0o3aTh0WDVZRkMzVWxsT3F0U0JLRA?hl=en-US&gl=US&ceid=US%3Aen,2 days ago,2025-03-14 15:42:00.298575
"TSLA Stock May See A Significant Upswing, Says Jim Cramer: 'Should Be Ready To Rally, Maybe Furiously'",https://news.google.com/read/CBMi-wFBVV95cUxNOWc4aXo2WURnWWVIVzJXU3E4bTFfdTVuOWhCcjVMMUhUQTAyQlNIMTNyOUhJVHY3MVBXNW9aZHBOV3JFYk1vb1E0bVVVM3VDQUxBeFRueWtlZWlMVEpZd3U1d1hXYlVob2k0QUV6T0NkQk15S1ppZHRxczJIZ3VJbHMzT2hVQTF0MUkxYXFEam1GNGc1cWloa1BrTzA2NWNHYTV5c24zRjMwaXBGZUhuV2ZDV3lGLUJPTFAzZ2NEd0VaMDVRaGVEVW5CUU9QQ3BjZENFRVFKeVM2blBhU0ZPYUhGQnMxcjFlNHZJY2xPcXVaUmNsa0o1Sk5zdw?hl=en-US&gl=US&ceid=US%3Aen,22 hours ago,2025-03-14 15:42:00.298616
Tesla Stock (TSLA) Surges despite Downward Delivery Revisions,https://news.google.com/read/CBMikwFBVV95cUxNem5Bc1VpTWdEdjFGSUM4a3FHdm9KV3hUbUtTZGp4eVlZekd6R0tHVl9ySmppU3dpYUEzQnJISFNycFFWRVVLbkdMNU1YOGJocDJYenZPSUhuaXBsYzhuZGdNWXctb1RKbGRDNVM2ZWQ2LWR2UkROMGh3V01MbThIby1iMklNM1NiUUtvemwwTVFlNUU?hl=en-US&gl=US&ceid=US%3Aen,2 days ago,2025-03-14 15:42:00.298657
"D-Wave Quantum, Docusign, Ulta Beauty, Meta Platforms, And Tesla: Why These 5 Stocks Are On Investors' Radars Today",https://news.google.com/read/CBMi4wFBVV95cUxNZDlodVJST2NnWV9tdlZJaDRsbWEyZ2FNT21zV3BSOHE5MUZXSjAyUm9hM0l2WVBRVkItT1hqX3ExM1dwN3JpTkVtVnZPb1I0NWhlSVJlbjZmMF83NjRER01fb3RlbUtMcGNhRWVyNmdyS01zN3JIRnZaMXUyZ056NlpIZGVPblV6b0JfNVN3V2swRlU0RlN3NmlhcnU3aUViUmtlOWRfdE1ZNlZqOEdiX2Jwd21vVkZXc1I5R3JlWTNiamlTdVM3bkVNb3lucUtIMlloV3kxVE9tNHZnVkZydUdQNA?hl=en-US&gl=US&ceid=US%3Aen,7 hours ago,2025-03-14 15:42:00.298696
Musk’s Starlink Reaches Indian Skies While Tesla (TSLA) Stock Faces a Bumpy Ride,https://news.google.com/read/CBMipAFBVV95cUxOU1U0ZXJ2MldDVTVXRTRxNjN5dHY5Q1kzdVI5SGFGb3ZEYTA4M0VzUWl2Wm02Z3ZXMVRWX2YxTW5JUE1VNGV1S2JfdWFPLTcxekhsSmtPQ3NHLVF1WllyNkxLdE56dVZRS05iSWdmNjhrOHlTdlloS1N4YWVFUTN5M1VaQ3R2YVRhYnEtVVFFZDUzZm54cnE0eE05WHFmUmY3QndVeA?hl=en-US&gl=US&ceid=US%3Aen,2 days ago,2025-03-14 15:42:00.298737
Tesla (TSLA) Stock: Wall Street Analyst Predicts $2 Trillion Valuation as Company Prepares Robotaxi Launch,https://news.google.com/read/CBMixgFBVV95cUxQNkZMUV9FUEVlWVEteFZJRlZzdFF2NG5jLTRPXzFsV25neEVyRkZFemQ3SXFueVNEc0U1MHA5bHJMQTZqRmpNVnFTSjUwbkxVZTEyVFdRVzhIZ0Y2Mms4RFBhaG8zZ21oejBYdnJrUXNhVWdRUXV5cnd3V0xkYWJyc0ZWMF9mTEdDeEN6V1d1WEhpWGQzamJDU3V2ZmlYbWRmRFgwTlBVSU03WDh5VXV0VHIwWDdsQmlnWVgtcFkzMW5YVmN0MGc?hl=en-US&gl=US&ceid=US%3Aen,11 days ago,2025-03-14 15:42:00.298776
1 Wall Street Analyst Thinks Tesla Stock Is Going to $388. Is It a Buy Around $260?,https://news.google.com/read/CBMilwFBVV95cUxNc2F4eFNMVXFTX1F0Sm1zbmU1Skd4Z1NtT18ydXJvMU91b3I5V3RRUndzQkQ4WVR6UF80RlhEY1BUeXlweDZCRlV1SEIwX3Z3OU9LNFZVbDhVTnZON2RwMjFmeF9YTUN0WXpBdndsZ1pUaUdGY3hXcDFob2hBZFlOLXJ1Ri1HWlhySnpaUzk5V2J4MU9Uc2dR?hl=en-US&gl=US&ceid=US%3Aen,5 days ago,2025-03-14 15:42:00.298817
Ross Gerber Finds Tesla Stock Expensive Despite Its 50% Plunge: Why The Investor Says EV Giant's 'Fundamental Story Has To Be Revalued',https://news.google.com/read/CBMi2gFBVV95cUxPazFYRTMydm0tSXRRQV91Y2duQWJTT1l6LU1OYjMtaFdWMWlKM3hiT3pmQ2ptX2NxY1BmdDZpYTJCWEFyZ3NQd3IzblVQSFNTZFpfWkNORlBuZlVtbW1vRUlZQmVkNnBaeEtXTlowMWV3bnFJRkNWZk9CYTJscTNZQXpDanhtaDJ3OWtYa3hoaDhQTmtnNEstTmU5ZXZoOVBwQjlvQXJ4WGNLMHdoRHBRVjNNZk5ya0QwbXFTNEt5SnFHaUMwc25wUF85aEJjaGluY2FGWDFrbmNaQQ?hl=en-US&gl=US&ceid=US%3Aen,4 hours ago,2025-03-14 15:42:00.298858
"Tesla stock surges on Wednesday, but there’s still more room to go",https://news.google.com/read/CBMinAFBVV95cUxOLW9EazI5dVZjVXIyTEJLZEFLaVEtcU1hUGtQZEl1NGtzUjl2Y1hIZnp3VjRRTU1VM0dwWnRKblVwemFIemVtWGFtb2pNOERZRm5zOE4wMm92cFNNLTk2QVhCZ0lCLU1JakRLck15YnFxdklFQW0xQXFHdlVzY2IySVFMUWZFNUUwOWpFelhnMmdjOVFaZnhSY2dja0g?hl=en-US&gl=US&ceid=US%3Aen,Yesterday,2025-03-14 15:42:00.298898
JPMorgan Chase & Co. Has Lowered Expectations for Tesla (NASDAQ:TSLA) Stock Price,https://news.google.com/read/CBMivAFBVV95cUxOZUNRalJTTXp6Zzdtc21tQ18xVi1ENFNGWVZacEhubnhOeHpCeTFadG1Nemo0N1JnYk1SR0cxb1JlVlFkTjFXWUlBMlRiSXVpbGNWdTZFZWhlLUhCVkFOZ2hsSDNfcVlSRHVnOFVRR3BuZFpKdFI3YmQ5S2NxYzhGcjNmOWdOSDViVzdqT2lCUU1Sdy1xbDNjTUNtbjRTWUhhN0V6djdfWDVnV0JYWGZKRndieDhCWXFxTGNtRw?hl=en-US&gl=US&ceid=US%3Aen,Yesterday,2025-03-14 15:42:00.298940
Tesla: Were We Wrong? An Important Update (Technical Analysis),https://news.google.com/read/CBMigwFBVV95cUxQWmRsVUM0b3NaNGl3clV2T0FCVHlwYjRmNWxFb0M1OEtuSkxRUWdpTUVuTmRRY2k2RmlVNkxVZEdOVlZ6a24tVE1IakY0SExXZ2o5dnlfcEFrdzhYclVicTNqX1l4R09ocHktUDBpMEJwcm12REhGcGtwRXFXbkxLY2lyUQ?hl=en-US&gl=US&ceid=US%3Aen,4 days ago,2025-03-14 15:42:00.298982
Even Musk Fans Dash for the Sidelines With Tesla in Freefall,https://news.google.com/read/CBMisAFBVV95cUxNejZ0aE1VSExnM2QxOEg4Zk1wdHdFZmxuNWJseGdPaGdHNVJETmJQVmU3QjhxaGhkSWttNVM0SVdhdWQxUXRvN1ptdU1XY01YM0JHblBsdEpDLWZ3RVV1Zk1RRVVHcEg2UEdNVV9zR0NzcE1PTl96blNLU3BndVRKajNNRGY1LXpYSzZSMVMyU3FQbVEyd3o5MThiU3hsdDRMbXZJWUxzZWMtMmxqQy1HQw?hl=en-US&gl=US&ceid=US%3Aen,2 days ago,2025-03-14 15:42:00.299022
Tesla’s Wild Ride: Is it a Crashing Stock or the Perfect Buy-the-Dip Opportunity?,https://news.google.com/read/CBMirAFBVV95cUxPa2E4bldobThsb2ItLWYyaEJXRkIwckNBR0NRbjJNVHg1LWRkZFRUYzQxSi1fdUJDQUxhaHZTc3pRVWhjU3ZEVFpoMzdnbTR4M3liZ1RUTWNhWE92TEx3ZXdaLXBiVGd5MkhBenktQnRJYzlPMG9RT0VPUnFhSjhodUNxS3M2RkxxNXI0cjBZZ2RROVpiR2hYUUFwZ05BODhXUm9BeTV3by1lcEFm?hl=en-US&gl=US&ceid=US%3Aen,18 hours ago,2025-03-14 15:42:00.299064
"Tesla Stock: Buying Opportunity Emerges (Technical Analysis, Rating Upgrade) (NASDAQ:TSLA)",https://news.google.com/read/CBMiswFBVV95cUxPem9DVENfRXVNQ0pSTXg3VHhGMFAtMm1nYXd4VFgwNTdQSS1idTROVmkzWlFKZ2lQXzRjbkdkdmZjbmp6UmFTZjRVYUJFNHAxbGV3eWFFR0xZdWxqclh4OGRJUEVxZXFvZW1iTkNacHdEUndjLUxZMFd4NFJuTElqejdyUU8wM3pvWC1ES0g1ZXFRZ0RLa0o1ZXJoZUxxWmdlbUpBSlg3OW16TF9TUEV2QnZwYw?hl=en-US&gl=US&ceid=US%3Aen,2 days ago,2025-03-14 15:42:00.299106
Guggenheim Issues Pessimistic Forecast for Tesla (NASDAQ:TSLA) Stock Price,https://news.google.com/read/CBMiwwFBVV95cUxQeUV6VHhTc0xtbElUcDI5Yk1CZW1KTFByNDJLUGQzUW9FX3oxVVdfeUtQSzNKODVlWUFlbXdBc3BmWm9UYTI0Y25aWGdfZnlVX1lPc3FrRXkzXzZzcVAwZjIxUWhESVIxTTZ0Q3dtYzBncmdHUkZ6RzdmLUlPcWxqV1dLcXRLQXBnOUxlcUk2QTZSWVpYNVZra3VHcXV5NjVlWGYwVTBYMkwyTGc1OXJxRnJlUEhIUlhKOHV2RC1aOVY2ZEU?hl=en-US&gl=US&ceid=US%3Aen,2 days ago,2025-03-14 15:42:00.299147
Tesla stock is back where it started,https://news.google.com/read/CBMiggFBVV95cUxNU0ZWcnE4ckNtS0ZZZUlRWU9uTWF0cTNPRWxpdG56UkJwTHp6RURvUDBleGVlQ0ZBb1o0ajB4bEducWFsTGdpNE1VcUZIamxEQVNJb1hKRUNYQkNONTd3LWNNajlTZC01c0NGckNnTHFjdk40R0VSM0J3dDlnNDdNTEl3?hl=en-US&gl=US&ceid=US%3Aen,4 days ago,2025-03-14 15:42:00.299232
